<?xml version="1.0" encoding="UTF-8"?>
<root>
  <item name="com.bsptechno.libfabbsptechno.FloatingActionButton int getSize()">
    <annotation name="android.support.annotation.IntDef">
      <val name="value" val="{com.bsptechno.libfabbsptechno.FloatingActionButton.SIZE_NORMAL, com.bsptechno.libfabbsptechno.FloatingActionButton.SIZE_MINI}" />
    </annotation>
  </item>
  <item name="com.bsptechno.libfabbsptechno.FloatingActionButton void setSize(int) 0">
    <annotation name="android.support.annotation.IntDef">
      <val name="value" val="{com.bsptechno.libfabbsptechno.FloatingActionButton.SIZE_NORMAL, com.bsptechno.libfabbsptechno.FloatingActionButton.SIZE_MINI}" />
    </annotation>
  </item>
  <item name="com.bsptechno.libfabbsptechno.FloatingActionButton.FAB_SIZE">
    <annotation name="android.support.annotation.IntDef">
      <val name="value" val="{com.bsptechno.libfabbsptechno.FloatingActionButton.SIZE_NORMAL, com.bsptechno.libfabbsptechno.FloatingActionButton.SIZE_MINI}" />
    </annotation>
  </item>
</root>

